Prompt,Response
hello,Hello! How can I assist you
goodbye,Goodbye! Have a great day!
what is your name,I am your AI assistant.
how are you,"I'm just a program, but I'm here to help!"
what is the capital of France,The capital of France is Paris.
tell me a joke,Why did the scarecrow win an award Because he was outstanding in his field!
convert 10 miles to kilometers,10 miles is approximately 16.09 kilometers.
who wrote Hamlet,Hamlet was written by William Shakespeare.
what is the square root of 64,The square root of 64 is 8.
define artificial intelligence,Artificial intelligence is the simulation of human intelligence in machines.
who discovered gravity,Gravity was discovered by Sir Isaac Newton.
what is the speed of light,"The speed of light is approximately 299,792 kilometers per second."
how many continents are there,There are seven continents on Earth.
who is the president of the United States,The current president of the United States is Joe Biden.
what is 5 multiplied by 7,5 multiplied by 7 equals 35.
tell me a fun fact,Octopuses have three hearts and blue blood!
what is the longest river in the world,The longest river in the world is the Nile River.
how do you say 'hello' in Spanish,You say 'hello' in Spanish as 'Hola'.
what is the capital of Japan,The capital of Japan is Tokyo.
who painted the Mona Lisa,The Mona Lisa was painted by Leonardo da Vinci.
what is the boiling point of water,The boiling point of water is 100°C or 212°F at sea level.
how many planets are in the solar system,There are eight planets in the solar system.
who invented the telephone,The telephone was invented by Alexander Graham Bell.
what is the tallest mountain in the world,The tallest mountain in the world is Mount Everest.
who is known as the father of computers,Charles Babbage is known as the father of computers.
what is the chemical formula for water,The chemical formula for water is H2O.
what year did World War II end,World War II ended in 1945.
how many bones are in the human body,The adult human body has 206 bones.
what is the largest ocean on Earth,The largest ocean on Earth is the Pacific Ocean.
who was the first person to walk on the moon,Neil Armstrong was the first person to walk on the moon in 1969.
what does DNA stand for,DNA stands for Deoxyribonucleic Acid.
who wrote 'Pride and Prejudice',Pride and Prejudice was written by Jane Austen.
what is the formula for calculating force,The formula for force is F = ma (Force = Mass × Acceleration).
how do you make an omelette,"To make an omelette, whisk eggs, cook in a pan with butter, and add fillings as desired."
what is the national animal of India,The national animal of India is the Bengal Tiger.
how do you say 'thank you' in French,You say 'thank you' in French as 'Merci'.
what is the powerhouse of the cell,The powerhouse of the cell is the mitochondria.
who discovered electricity,"Electricity was explored by many scientists, but Benjamin Franklin's experiments were pivotal."
what language is spoken in Brazil,The official language of Brazil is Portuguese.
what is the human body's largest organ,The largest organ in the human body is the skin.
who won the FIFA World Cup in 2018,France won the FIFA World Cup in 2018.
what is the chemical symbol for gold,The chemical symbol for gold is Au.
what is the largest desert in the world,The largest desert in the world is the Antarctic Desert.
who invented the light bulb,The light bulb was invented by Thomas Edison.
how many states are in the United States,There are 50 states in the United States.
what is the smallest country in the world,The smallest country in the world is Vatican City.
who wrote '1984','1984' was written by George Orwell.
what is the hardest natural substance on Earth,The hardest natural substance on Earth is diamond.
what language is spoken in Brazil,The official language of Brazil is Portuguese.
what is the human body's largest organ,The largest organ in the human body is the skin.
who won the FIFA World Cup in 2018,France won the FIFA World Cup in 2018.
what is the chemical symbol for gold,The chemical symbol for gold is Au.
what is the largest desert in the world,The largest desert in the world is the Antarctic Desert.
who invented the light bulb,The light bulb was invented by Thomas Edison.
how many states are in the United States,There are 50 states in the United States.
what is the smallest country in the world,The smallest country in the world is Vatican City.
who wrote '1984','1984' was written by George Orwell.
what is the hardest natural substance on Earth,The hardest natural substance on Earth is diamond.
what language is spoken in Brazil,The official language of Brazil is Portuguese.
what is the human body's largest organ,The largest organ in the human body is the skin.
who won the FIFA World Cup in 2018,France won the FIFA World Cup in 2018.
what is the chemical symbol for gold,The chemical symbol for gold is Au.
what is the largest desert in the world,The largest desert in the world is the Antarctic Desert.
who invented the light bulb,The light bulb was invented by Thomas Edison.
how many states are in the United States,There are 50 states in the United States.
what is the smallest country in the world,The smallest country in the world is Vatican City.
who wrote '1984','1984' was written by George Orwell.
what is the hardest natural substance on Earth,The hardest natural substance on Earth is diamond.
what language is spoken in Brazil,The official language of Brazil is Portuguese.
what is the human body's largest organ,The largest organ in the human body is the skin.
who won the FIFA World Cup in 2018,France won the FIFA World Cup in 2018.
what is the chemical symbol for gold,The chemical symbol for gold is Au.
what is the largest desert in the world,The largest desert in the world is the Antarctic Desert.
who invented the light bulb,The light bulb was invented by Thomas Edison.
how many states are in the United States,There are 50 states in the United States.
what is the smallest country in the world,The smallest country in the world is Vatican City.
who wrote '1984','1984' was written by George Orwell.
what is the hardest natural substance on Earth,The hardest natural substance on Earth is diamond.
what language is spoken in Brazil,The official language of Brazil is Portuguese.
what is the human body's largest organ,The largest organ in the human body is the skin.
who won the FIFA World Cup in 2018,France won the FIFA World Cup in 2018.
what is the chemical symbol for gold,The chemical symbol for gold is Au.
what is the largest desert in the world,The largest desert in the world is the Antarctic Desert.
who invented the light bulb,The light bulb was invented by Thomas Edison.
how many states are in the United States,There are 50 states in the United States.
what is the smallest country in the world,The smallest country in the world is Vatican City.
who wrote '1984','1984' was written by George Orwell.
what is the hardest natural substance on Earth,The hardest natural substance on Earth is diamond.
what language is spoken in Brazil,The official language of Brazil is Portuguese.
what is the human body's largest organ,The largest organ in the human body is the skin.
who won the FIFA World Cup in 2018,France won the FIFA World Cup in 2018.
what is the chemical symbol for gold,The chemical symbol for gold is Au.
what is the largest desert in the world,The largest desert in the world is the Antarctic Desert.
who invented the light bulb,The light bulb was invented by Thomas Edison.
how many states are in the United States,There are 50 states in the United States.
what is the smallest country in the world,The smallest country in the world is Vatican City.
who wrote '1984','1984' was written by George Orwell.
what is the hardest natural substance on Earth,The hardest natural substance on Earth is diamond.
what language is spoken in Brazil,The official language of Brazil is Portuguese.
what is the human body's largest organ,The largest organ in the human body is the skin.
who won the FIFA World Cup in 2018,France won the FIFA World Cup in 2018.
what is the chemical symbol for gold,The chemical symbol for gold is Au.
what is the largest desert in the world,The largest desert in the world is the Antarctic Desert.
who invented the light bulb,The light bulb was invented by Thomas Edison.
how many states are in the United States,There are 50 states in the United States.
what is the smallest country in the world,The smallest country in the world is Vatican City.
who wrote '1984','1984' was written by George Orwell.
what is the hardest natural substance on Earth,The hardest natural substance on Earth is diamond.
what language is spoken in Brazil,The official language of Brazil is Portuguese.
what is the human body's largest organ,The largest organ in the human body is the skin.
who won the FIFA World Cup in 2018,France won the FIFA World Cup in 2018.
what is the chemical symbol for gold,The chemical symbol for gold is Au.
what is the largest desert in the world,The largest desert in the world is the Antarctic Desert.
who invented the light bulb,The light bulb was invented by Thomas Edison.
how many states are in the United States,There are 50 states in the United States.
what is the smallest country in the world,The smallest country in the world is Vatican City.
who wrote '1984','1984' was written by George Orwell.
what is the hardest natural substance on Earth,The hardest natural substance on Earth is diamond.
what language is spoken in Brazil,The official language of Brazil is Portuguese.
what is the human body's largest organ,The largest organ in the human body is the skin.
who won the FIFA World Cup in 2018,France won the FIFA World Cup in 2018.
what is the chemical symbol for gold,The chemical symbol for gold is Au.
what is the largest desert in the world,The largest desert in the world is the Antarctic Desert.
who invented the light bulb,The light bulb was invented by Thomas Edison.
how many states are in the United States,There are 50 states in the United States.
what is the smallest country in the world,The smallest country in the world is Vatican City.
who wrote '1984','1984' was written by George Orwell.
what is the hardest natural substance on Earth,The hardest natural substance on Earth is diamond.
what language is spoken in Brazil,The official language of Brazil is Portuguese.
what is the human body's largest organ,The largest organ in the human body is the skin.
who won the FIFA World Cup in 2018,France won the FIFA World Cup in 2018.
what is the chemical symbol for gold,The chemical symbol for gold is Au.
what is the largest desert in the world,The largest desert in the world is the Antarctic Desert.
who invented the light bulb,The light bulb was invented by Thomas Edison.
how many states are in the United States,There are 50 states in the United States.
what is the smallest country in the world,The smallest country in the world is Vatican City.
who wrote '1984','1984' was written by George Orwell.
what is the hardest natural substance on Earth,The hardest natural substance on Earth is diamond.
what language is spoken in Brazil,The official language of Brazil is Portuguese.
what is the human body's largest organ,The largest organ in the human body is the skin.
who won the FIFA World Cup in 2018,France won the FIFA World Cup in 2018.
what is the chemical symbol for gold,The chemical symbol for gold is Au.
what is the largest desert in the world,The largest desert in the world is the Antarctic Desert.
who invented the light bulb,The light bulb was invented by Thomas Edison.
how many states are in the United States,There are 50 states in the United States.
what is the smallest country in the world,The smallest country in the world is Vatican City.
who wrote '1984','1984' was written by George Orwell.
what is the hardest natural substance on Earth,The hardest natural substance on Earth is diamond.
what language is spoken in Brazil,The official language of Brazil is Portuguese.
what is the human body's largest organ,The largest organ in the human body is the skin.
who won the FIFA World Cup in 2018,France won the FIFA World Cup in 2018.
what is the chemical symbol for gold,The chemical symbol for gold is Au.
what is the largest desert in the world,The largest desert in the world is the Antarctic Desert.
who invented the light bulb,The light bulb was invented by Thomas Edison.
how many states are in the United States,There are 50 states in the United States.
what is the smallest country in the world,The smallest country in the world is Vatican City.
who wrote '1984','1984' was written by George Orwell.
what is the hardest natural substance on Earth,The hardest natural substance on Earth is diamond.
what language is spoken in Brazil,The official language of Brazil is Portuguese.
what is the human body's largest organ,The largest organ in the human body is the skin.
who won the FIFA World Cup in 2018,France won the FIFA World Cup in 2018.
what is the chemical symbol for gold,The chemical symbol for gold is Au.
what is the largest desert in the world,The largest desert in the world is the Antarctic Desert.
who invented the light bulb,The light bulb was invented by Thomas Edison.
how many states are in the United States,There are 50 states in the United States.
what is the smallest country in the world,The smallest country in the world is Vatican City.
who wrote '1984','1984' was written by George Orwell.
what is the hardest natural substance on Earth,The hardest natural substance on Earth is diamond.
what language is spoken in Brazil,The official language of Brazil is Portuguese.
what is the human body's largest organ,The largest organ in the human body is the skin.
who won the FIFA World Cup in 2018,France won the FIFA World Cup in 2018.
what is the chemical symbol for gold,The chemical symbol for gold is Au.
what is the largest desert in the world,The largest desert in the world is the Antarctic Desert.
who invented the light bulb,The light bulb was invented by Thomas Edison.
how many states are in the United States,There are 50 states in the United States.
what is the smallest country in the world,The smallest country in the world is Vatican City.
who wrote '1984','1984' was written by George Orwell.
what is the hardest natural substance on Earth,The hardest natural substance on Earth is diamond.
what language is spoken in Brazil,The official language of Brazil is Portuguese.
what is the human body's largest organ,The largest organ in the human body is the skin.
who won the FIFA World Cup in 2018,France won the FIFA World Cup in 2018.
what is the chemical symbol for gold,The chemical symbol for gold is Au.
what is the largest desert in the world,The largest desert in the world is the Antarctic Desert.
who invented the light bulb,The light bulb was invented by Thomas Edison.
how many states are in the United States,There are 50 states in the United States.
what is the smallest country in the world,The smallest country in the world is Vatican City.
who wrote '1984','1984' was written by George Orwell.
what is the hardest natural substance on Earth,The hardest natural substance on Earth is diamond.
what language is spoken in Brazil,The official language of Brazil is Portuguese.
what is the human body's largest organ,The largest organ in the human body is the skin.
who won the FIFA World Cup in 2018,France won the FIFA World Cup in 2018.
what is the chemical symbol for gold,The chemical symbol for gold is Au.
what is the largest desert in the world,The largest desert in the world is the Antarctic Desert.
who invented the light bulb,The light bulb was invented by Thomas Edison.
how many states are in the United States,There are 50 states in the United States.
what is the smallest country in the world,The smallest country in the world is Vatican City.
who wrote '1984','1984' was written by George Orwell.
what is the hardest natural substance on Earth,The hardest natural substance on Earth is diamond.
what language is spoken in Brazil,The official language of Brazil is Portuguese.
what is the human body's largest organ,The largest organ in the human body is the skin.
who won the FIFA World Cup in 2018,France won the FIFA World Cup in 2018.
what is the chemical symbol for gold,The chemical symbol for gold is Au.
what is the largest desert in the world,The largest desert in the world is the Antarctic Desert.
who invented the light bulb,The light bulb was invented by Thomas Edison.
how many states are in the United States,There are 50 states in the United States.
what is the smallest country in the world,The smallest country in the world is Vatican City.
who wrote '1984','1984' was written by George Orwell.
what is the hardest natural substance on Earth,The hardest natural substance on Earth is diamond.
what language is spoken in Brazil,The official language of Brazil is Portuguese.
what is the human body's largest organ,The largest organ in the human body is the skin.
who won the FIFA World Cup in 2018,France won the FIFA World Cup in 2018.
what is the chemical symbol for gold,The chemical symbol for gold is Au.
what is the largest desert in the world,The largest desert in the world is the Antarctic Desert.
who invented the light bulb,The light bulb was invented by Thomas Edison.
how many states are in the United States,There are 50 states in the United States.
what is the smallest country in the world,The smallest country in the world is Vatican City.
who wrote '1984','1984' was written by George Orwell.
what is the hardest natural substance on Earth,The hardest natural substance on Earth is diamond.
what language is spoken in Brazil,The official language of Brazil is Portuguese.
what is the human body's largest organ,The largest organ in the human body is the skin.
who won the FIFA World Cup in 2018,France won the FIFA World Cup in 2018.
what is the chemical symbol for gold,The chemical symbol for gold is Au.
what is the largest desert in the world,The largest desert in the world is the Antarctic Desert.
who invented the light bulb,The light bulb was invented by Thomas Edison.
how many states are in the United States,There are 50 states in the United States.
what is the smallest country in the world,The smallest country in the world is Vatican City.
who wrote '1984','1984' was written by George Orwell.
what is the hardest natural substance on Earth,The hardest natural substance on Earth is diamond.
what language is spoken in Brazil,The official language of Brazil is Portuguese.
what is the human body's largest organ,The largest organ in the human body is the skin.
who won the FIFA World Cup in 2018,France won the FIFA World Cup in 2018.
what is the chemical symbol for gold,The chemical symbol for gold is Au.
what is the largest desert in the world,The largest desert in the world is the Antarctic Desert.
who invented the light bulb,The light bulb was invented by Thomas Edison.
how many states are in the United States,There are 50 states in the United States.
what is the smallest country in the world,The smallest country in the world is Vatican City.
who wrote '1984','1984' was written by George Orwell.
what is the hardest natural substance on Earth,The hardest natural substance on Earth is diamond.
what language is spoken in Brazil,The official language of Brazil is Portuguese.
what is the human body's largest organ,The largest organ in the human body is the skin.
who won the FIFA World Cup in 2018,France won the FIFA World Cup in 2018.
what is the chemical symbol for gold,The chemical symbol for gold is Au.
what is the largest desert in the world,The largest desert in the world is the Antarctic Desert.
who invented the light bulb,The light bulb was invented by Thomas Edison.
how many states are in the United States,There are 50 states in the United States.
what is the smallest country in the world,The smallest country in the world is Vatican City.
who wrote '1984','1984' was written by George Orwell.
what is the hardest natural substance on Earth,The hardest natural substance on Earth is diamond.
what language is spoken in Brazil,The official language of Brazil is Portuguese.
what is the human body's largest organ,The largest organ in the human body is the skin.
who won the FIFA World Cup in 2018,France won the FIFA World Cup in 2018.
what is the chemical symbol for gold,The chemical symbol for gold is Au.
what is the largest desert in the world,The largest desert in the world is the Antarctic Desert.
who invented the light bulb,The light bulb was invented by Thomas Edison.
how many states are in the United States,There are 50 states in the United States.
what is the smallest country in the world,The smallest country in the world is Vatican City.
who wrote '1984','1984' was written by George Orwell.
what is the hardest natural substance on Earth,The hardest natural substance on Earth is diamond.
what language is spoken in Brazil,The official language of Brazil is Portuguese.
what is the human body's largest organ,The largest organ in the human body is the skin.
who won the FIFA World Cup in 2018,France won the FIFA World Cup in 2018.
what is the chemical symbol for gold,The chemical symbol for gold is Au.
what is the largest desert in the world,The largest desert in the world is the Antarctic Desert.
who invented the light bulb,The light bulb was invented by Thomas Edison.
how many states are in the United States,There are 50 states in the United States.
what is the smallest country in the world,The smallest country in the world is Vatican City.
who wrote '1984','1984' was written by George Orwell.
what is the hardest natural substance on Earth,The hardest natural substance on Earth is diamond.
what language is spoken in Brazil,The official language of Brazil is Portuguese.
what is the human body's largest organ,The largest organ in the human body is the skin.
who won the FIFA World Cup in 2018,France won the FIFA World Cup in 2018.
what is the chemical symbol for gold,The chemical symbol for gold is Au.
what is the largest desert in the world,The largest desert in the world is the Antarctic Desert.
who invented the light bulb,The light bulb was invented by Thomas Edison.
how many states are in the United States,There are 50 states in the United States.
what is the smallest country in the world,The smallest country in the world is Vatican City.
who wrote '1984','1984' was written by George Orwell.
what is the hardest natural substance on Earth,The hardest natural substance on Earth is diamond.
what language is spoken in Brazil,The official language of Brazil is Portuguese.
what is the human body's largest organ,The largest organ in the human body is the skin.
who won the FIFA World Cup in 2018,France won the FIFA World Cup in 2018.
what is the chemical symbol for gold,The chemical symbol for gold is Au.
what is the largest desert in the world,The largest desert in the world is the Antarctic Desert.
who invented the light bulb,The light bulb was invented by Thomas Edison.
how many states are in the United States,There are 50 states in the United States.
what is the smallest country in the world,The smallest country in the world is Vatican City.
who wrote '1984','1984' was written by George Orwell.
what is the hardest natural substance on Earth,The hardest natural substance on Earth is diamond.
what language is spoken in Brazil,The official language of Brazil is Portuguese.
what is the human body's largest organ,The largest organ in the human body is the skin.
who won the FIFA World Cup in 2018,France won the FIFA World Cup in 2018.
what is the chemical symbol for gold,The chemical symbol for gold is Au.
what is the largest desert in the world,The largest desert in the world is the Antarctic Desert.
who invented the light bulb,The light bulb was invented by Thomas Edison.
how many states are in the United States,There are 50 states in the United States.
what is the smallest country in the world,The smallest country in the world is Vatican City.
who wrote '1984','1984' was written by George Orwell.
what is the hardest natural substance on Earth,The hardest natural substance on Earth is diamond.
what language is spoken in Brazil,The official language of Brazil is Portuguese.
what is the human body's largest organ,The largest organ in the human body is the skin.
who won the FIFA World Cup in 2018,France won the FIFA World Cup in 2018.
what is the chemical symbol for gold,The chemical symbol for gold is Au.
what is the largest desert in the world,The largest desert in the world is the Antarctic Desert.
who invented the light bulb,The light bulb was invented by Thomas Edison.
how many states are in the United States,There are 50 states in the United States.
what is the smallest country in the world,The smallest country in the world is Vatican City.
who wrote '1984','1984' was written by George Orwell.
what is the hardest natural substance on Earth,The hardest natural substance on Earth is diamond.
what language is spoken in Brazil,The official language of Brazil is Portuguese.
what is the human body's largest organ,The largest organ in the human body is the skin.
who won the FIFA World Cup in 2018,France won the FIFA World Cup in 2018.
what is the chemical symbol for gold,The chemical symbol for gold is Au.
what is the largest desert in the world,The largest desert in the world is the Antarctic Desert.
who invented the light bulb,The light bulb was invented by Thomas Edison.
how many states are in the United States,There are 50 states in the United States.
what is the smallest country in the world,The smallest country in the world is Vatican City.
who wrote '1984','1984' was written by George Orwell.
what is the hardest natural substance on Earth,The hardest natural substance on Earth is diamond.
what language is spoken in Brazil,The official language of Brazil is Portuguese.
what is the human body's largest organ,The largest organ in the human body is the skin.
who won the FIFA World Cup in 2018,France won the FIFA World Cup in 2018.
what is the chemical symbol for gold,The chemical symbol for gold is Au.
what is the largest desert in the world,The largest desert in the world is the Antarctic Desert.
who invented the light bulb,The light bulb was invented by Thomas Edison.
how many states are in the United States,There are 50 states in the United States.
what is the smallest country in the world,The smallest country in the world is Vatican City.
who wrote '1984','1984' was written by George Orwell.
what is the hardest natural substance on Earth,The hardest natural substance on Earth is diamond.
what language is spoken in Brazil,The official language of Brazil is Portuguese.
what is the human body's largest organ,The largest organ in the human body is the skin.
who won the FIFA World Cup in 2018,France won the FIFA World Cup in 2018.
what is the chemical symbol for gold,The chemical symbol for gold is Au.
what is the largest desert in the world,The largest desert in the world is the Antarctic Desert.
who invented the light bulb,The light bulb was invented by Thomas Edison.
how many states are in the United States,There are 50 states in the United States.
what is the smallest country in the world,The smallest country in the world is Vatican City.
who wrote '1984','1984' was written by George Orwell.
what is the hardest natural substance on Earth,The hardest natural substance on Earth is diamond.
what language is spoken in Brazil,The official language of Brazil is Portuguese.
what is the human body's largest organ,The largest organ in the human body is the skin.
who won the FIFA World Cup in 2018,France won the FIFA World Cup in 2018.
what is the chemical symbol for gold,The chemical symbol for gold is Au.
what is the largest desert in the world,The largest desert in the world is the Antarctic Desert.
who invented the light bulb,The light bulb was invented by Thomas Edison.
how many states are in the United States,There are 50 states in the United States.
what is the smallest country in the world,The smallest country in the world is Vatican City.
who wrote '1984','1984' was written by George Orwell.
what is the hardest natural substance on Earth,The hardest natural substance on Earth is diamond.
what language is spoken in Brazil,The official language of Brazil is Portuguese.
what is the human body's largest organ,The largest organ in the human body is the skin.
who won the FIFA World Cup in 2018,France won the FIFA World Cup in 2018.
what is the chemical symbol for gold,The chemical symbol for gold is Au.
what is the largest desert in the world,The largest desert in the world is the Antarctic Desert.
who invented the light bulb,The light bulb was invented by Thomas Edison.
how many states are in the United States,There are 50 states in the United States.
what is the smallest country in the world,The smallest country in the world is Vatican City.
who wrote '1984','1984' was written by George Orwell.
what is the hardest natural substance on Earth,The hardest natural substance on Earth is diamond.
what language is spoken in Brazil,The official language of Brazil is Portuguese.
what is the human body's largest organ,The largest organ in the human body is the skin.
who won the FIFA World Cup in 2018,France won the FIFA World Cup in 2018.
what is the chemical symbol for gold,The chemical symbol for gold is Au.
what is the largest desert in the world,The largest desert in the world is the Antarctic Desert.
who invented the light bulb,The light bulb was invented by Thomas Edison.
how many states are in the United States,There are 50 states in the United States.
what is the smallest country in the world,The smallest country in the world is Vatican City.
who wrote '1984','1984' was written by George Orwell.
what is the hardest natural substance on Earth,The hardest natural substance on Earth is diamond.
what language is spoken in Brazil,The official language of Brazil is Portuguese.
what is the human body's largest organ,The largest organ in the human body is the skin.
who won the FIFA World Cup in 2018,France won the FIFA World Cup in 2018.
what is the chemical symbol for gold,The chemical symbol for gold is Au.
what is the largest desert in the world,The largest desert in the world is the Antarctic Desert.
who invented the light bulb,The light bulb was invented by Thomas Edison.
how many states are in the United States,There are 50 states in the United States.
what is the smallest country in the world,The smallest country in the world is Vatican City.
who wrote '1984','1984' was written by George Orwell.
what is the hardest natural substance on Earth,The hardest natural substance on Earth is diamond.
what language is spoken in Brazil,The official language of Brazil is Portuguese.
what is the human body's largest organ,The largest organ in the human body is the skin.
who won the FIFA World Cup in 2018,France won the FIFA World Cup in 2018.
what is the chemical symbol for gold,The chemical symbol for gold is Au.
what is the largest desert in the world,The largest desert in the world is the Antarctic Desert.
who invented the light bulb,The light bulb was invented by Thomas Edison.
how many states are in the United States,There are 50 states in the United States.
what is the smallest country in the world,The smallest country in the world is Vatican City.
who wrote '1984','1984' was written by George Orwell.
what is the hardest natural substance on Earth,The hardest natural substance on Earth is diamond.
what language is spoken in Brazil,The official language of Brazil is Portuguese.
what is the human body's largest organ,The largest organ in the human body is the skin.
who won the FIFA World Cup in 2018,France won the FIFA World Cup in 2018.
what is the chemical symbol for gold,The chemical symbol for gold is Au.
what is the largest desert in the world,The largest desert in the world is the Antarctic Desert.
who invented the light bulb,The light bulb was invented by Thomas Edison.
how many states are in the United States,There are 50 states in the United States.
what is the smallest country in the world,The smallest country in the world is Vatican City.
who wrote '1984','1984' was written by George Orwell.
what is the hardest natural substance on Earth,The hardest natural substance on Earth is diamond.
what language is spoken in Brazil,The official language of Brazil is Portuguese.
what is the human body's largest organ,The largest organ in the human body is the skin.
who won the FIFA World Cup in 2018,France won the FIFA World Cup in 2018.
what is the chemical symbol for gold,The chemical symbol for gold is Au.
what is the largest desert in the world,The largest desert in the world is the Antarctic Desert.
who invented the light bulb,The light bulb was invented by Thomas Edison.
how many states are in the United States,There are 50 states in the United States.
what is the smallest country in the world,The smallest country in the world is Vatican City.
who wrote '1984','1984' was written by George Orwell.
what is the hardest natural substance on Earth,The hardest natural substance on Earth is diamond.
what language is spoken in Brazil,The official language of Brazil is Portuguese.
what is the human body's largest organ,The largest organ in the human body is the skin.
who won the FIFA World Cup in 2018,France won the FIFA World Cup in 2018.
what is the chemical symbol for gold,The chemical symbol for gold is Au.
what is the largest desert in the world,The largest desert in the world is the Antarctic Desert.
who invented the light bulb,The light bulb was invented by Thomas Edison.
how many states are in the United States,There are 50 states in the United States.
what is the smallest country in the world,The smallest country in the world is Vatican City.
who wrote '1984','1984' was written by George Orwell.
what is the hardest natural substance on Earth,The hardest natural substance on Earth is diamond.
what language is spoken in Brazil,The official language of Brazil is Portuguese.
what is the human body's largest organ,The largest organ in the human body is the skin.
who won the FIFA World Cup in 2018,France won the FIFA World Cup in 2018.
what is the chemical symbol for gold,The chemical symbol for gold is Au.
what is the largest desert in the world,The largest desert in the world is the Antarctic Desert.
who invented the light bulb,The light bulb was invented by Thomas Edison.
how many states are in the United States,There are 50 states in the United States.
what is the smallest country in the world,The smallest country in the world is Vatican City.
who wrote '1984','1984' was written by George Orwell.
what is the hardest natural substance on Earth,The hardest natural substance on Earth is diamond.
what language is spoken in Brazil,The official language of Brazil is Portuguese.
what is the human body's largest organ,The largest organ in the human body is the skin.
who won the FIFA World Cup in 2018,France won the FIFA World Cup in 2018.
what is the chemical symbol for gold,The chemical symbol for gold is Au.
what is the largest desert in the world,The largest desert in the world is the Antarctic Desert.
who invented the light bulb,The light bulb was invented by Thomas Edison.
how many states are in the United States,There are 50 states in the United States.
what is the smallest country in the world,The smallest country in the world is Vatican City.
who wrote '1984','1984' was written by George Orwell.
what is the hardest natural substance on Earth,The hardest natural substance on Earth is diamond.
what language is spoken in Brazil,The official language of Brazil is Portuguese.
what is the human body's largest organ,The largest organ in the human body is the skin.
who won the FIFA World Cup in 2018,France won the FIFA World Cup in 2018.
what is the chemical symbol for gold,The chemical symbol for gold is Au.
what is the largest desert in the world,The largest desert in the world is the Antarctic Desert.
who invented the light bulb,The light bulb was invented by Thomas Edison.
how many states are in the United States,There are 50 states in the United States.
what is the smallest country in the world,The smallest country in the world is Vatican City.
who wrote '1984','1984' was written by George Orwell.
what is the hardest natural substance on Earth,The hardest natural substance on Earth is diamond.
what language is spoken in Brazil,The official language of Brazil is Portuguese.
what is the human body's largest organ,The largest organ in the human body is the skin.
who won the FIFA World Cup in 2018,France won the FIFA World Cup in 2018.
what is the chemical symbol for gold,The chemical symbol for gold is Au.
what is the largest desert in the world,The largest desert in the world is the Antarctic Desert.
who invented the light bulb,The light bulb was invented by Thomas Edison.
how many states are in the United States,There are 50 states in the United States.
what is the smallest country in the world,The smallest country in the world is Vatican City.
who wrote '1984','1984' was written by George Orwell.
what is the hardest natural substance on Earth,The hardest natural substance on Earth is diamond.
what language is spoken in Brazil,The official language of Brazil is Portuguese.
what is the human body's largest organ,The largest organ in the human body is the skin.
who won the FIFA World Cup in 2018,France won the FIFA World Cup in 2018.
what is the chemical symbol for gold,The chemical symbol for gold is Au.
what is the largest desert in the world,The largest desert in the world is the Antarctic Desert.
who invented the light bulb,The light bulb was invented by Thomas Edison.
how many states are in the United States,There are 50 states in the United States.
what is the smallest country in the world,The smallest country in the world is Vatican City.
who wrote '1984','1984' was written by George Orwell.
what is the hardest natural substance on Earth,The hardest natural substance on Earth is diamond.
what language is spoken in Brazil,The official language of Brazil is Portuguese.
what is the human body's largest organ,The largest organ in the human body is the skin.
who won the FIFA World Cup in 2018,France won the FIFA World Cup in 2018.
what is the chemical symbol for gold,The chemical symbol for gold is Au.
what is the largest desert in the world,The largest desert in the world is the Antarctic Desert.
who invented the light bulb,The light bulb was invented by Thomas Edison.
how many states are in the United States,There are 50 states in the United States.
what is the smallest country in the world,The smallest country in the world is Vatican City.
who wrote '1984','1984' was written by George Orwell.
what is the hardest natural substance on Earth,The hardest natural substance on Earth is diamond.
what language is spoken in Brazil,The official language of Brazil is Portuguese.
what is the human body's largest organ,The largest organ in the human body is the skin.
who won the FIFA World Cup in 2018,France won the FIFA World Cup in 2018.
what is the chemical symbol for gold,The chemical symbol for gold is Au.
what is the largest desert in the world,The largest desert in the world is the Antarctic Desert.
who invented the light bulb,The light bulb was invented by Thomas Edison.
how many states are in the United States,There are 50 states in the United States.
what is the smallest country in the world,The smallest country in the world is Vatican City.
who wrote '1984','1984' was written by George Orwell.
what is the hardest natural substance on Earth,The hardest natural substance on Earth is diamond.
what language is spoken in Brazil,The official language of Brazil is Portuguese.
what is the human body's largest organ,The largest organ in the human body is the skin.
who won the FIFA World Cup in 2018,France won the FIFA World Cup in 2018.
what is the chemical symbol for gold,The chemical symbol for gold is Au.
what is the largest desert in the world,The largest desert in the world is the Antarctic Desert.
who invented the light bulb,The light bulb was invented by Thomas Edison.
how many states are in the United States,There are 50 states in the United States.
what is the smallest country in the world,The smallest country in the world is Vatican City.
who wrote '1984','1984' was written by George Orwell.
what is the hardest natural substance on Earth,The hardest natural substance on Earth is diamond.
what language is spoken in Brazil,The official language of Brazil is Portuguese.
what is the human body's largest organ,The largest organ in the human body is the skin.
who won the FIFA World Cup in 2018,France won the FIFA World Cup in 2018.
what is the chemical symbol for gold,The chemical symbol for gold is Au.
what is the largest desert in the world,The largest desert in the world is the Antarctic Desert.
who invented the light bulb,The light bulb was invented by Thomas Edison.
how many states are in the United States,There are 50 states in the United States.
what is the smallest country in the world,The smallest country in the world is Vatican City.
who wrote '1984','1984' was written by George Orwell.
what is the hardest natural substance on Earth,The hardest natural substance on Earth is diamond.
what language is spoken in Brazil,The official language of Brazil is Portuguese.
what is the human body's largest organ,The largest organ in the human body is the skin.
who won the FIFA World Cup in 2018,France won the FIFA World Cup in 2018.
what is the chemical symbol for gold,The chemical symbol for gold is Au.
what is the largest desert in the world,The largest desert in the world is the Antarctic Desert.
who invented the light bulb,The light bulb was invented by Thomas Edison.
how many states are in the United States,There are 50 states in the United States.
what is the smallest country in the world,The smallest country in the world is Vatican City.
who wrote '1984','1984' was written by George Orwell.
what is the hardest natural substance on Earth,The hardest natural substance on Earth is diamond.
what language is spoken in Brazil,The official language of Brazil is Portuguese.
what is the human body's largest organ,The largest organ in the human body is the skin.
who won the FIFA World Cup in 2018,France won the FIFA World Cup in 2018.
what is the chemical symbol for gold,The chemical symbol for gold is Au.
what is the largest desert in the world,The largest desert in the world is the Antarctic Desert.
who invented the light bulb,The light bulb was invented by Thomas Edison.
how many states are in the United States,There are 50 states in the United States.
what is the smallest country in the world,The smallest country in the world is Vatican City.
who wrote '1984','1984' was written by George Orwell.
what is the hardest natural substance on Earth,The hardest natural substance on Earth is diamond.
what language is spoken in Brazil,The official language of Brazil is Portuguese.
what is the human body's largest organ,The largest organ in the human body is the skin.
who won the FIFA World Cup in 2018,France won the FIFA World Cup in 2018.
what is the chemical symbol for gold,The chemical symbol for gold is Au.
what is the largest desert in the world,The largest desert in the world is the Antarctic Desert.
who invented the light bulb,The light bulb was invented by Thomas Edison.
how many states are in the United States,There are 50 states in the United States.
what is the smallest country in the world,The smallest country in the world is Vatican City.
who wrote '1984','1984' was written by George Orwell.
what is the hardest natural substance on Earth,The hardest natural substance on Earth is diamond.
what language is spoken in Brazil,The official language of Brazil is Portuguese.
what is the human body's largest organ,The largest organ in the human body is the skin.
who won the FIFA World Cup in 2018,France won the FIFA World Cup in 2018.
what is the chemical symbol for gold,The chemical symbol for gold is Au.
what is the largest desert in the world,The largest desert in the world is the Antarctic Desert.
who invented the light bulb,The light bulb was invented by Thomas Edison.
how many states are in the United States,There are 50 states in the United States.
what is the smallest country in the world,The smallest country in the world is Vatican City.
who wrote '1984','1984' was written by George Orwell.
what is the hardest natural substance on Earth,The hardest natural substance on Earth is diamond.
what language is spoken in Brazil,The official language of Brazil is Portuguese.
what is the human body's largest organ,The largest organ in the human body is the skin.
who won the FIFA World Cup in 2018,France won the FIFA World Cup in 2018.
what is the chemical symbol for gold,The chemical symbol for gold is Au.
what is the largest desert in the world,The largest desert in the world is the Antarctic Desert.
who invented the light bulb,The light bulb was invented by Thomas Edison.
how many states are in the United States,There are 50 states in the United States.
what is the smallest country in the world,The smallest country in the world is Vatican City.
who wrote '1984','1984' was written by George Orwell.
what is the hardest natural substance on Earth,The hardest natural substance on Earth is diamond.
what language is spoken in Brazil,The official language of Brazil is Portuguese.
what is the human body's largest organ,The largest organ in the human body is the skin.
who won the FIFA World Cup in 2018,France won the FIFA World Cup in 2018.
what is the chemical symbol for gold,The chemical symbol for gold is Au.
what is the largest desert in the world,The largest desert in the world is the Antarctic Desert.
who invented the light bulb,The light bulb was invented by Thomas Edison.
how many states are in the United States,There are 50 states in the United States.
what is the smallest country in the world,The smallest country in the world is Vatican City.
who wrote '1984','1984' was written by George Orwell.
what is the hardest natural substance on Earth,The hardest natural substance on Earth is diamond.
what language is spoken in Brazil,The official language of Brazil is Portuguese.
what is the human body's largest organ,The largest organ in the human body is the skin.
who won the FIFA World Cup in 2018,France won the FIFA World Cup in 2018.
what is the chemical symbol for gold,The chemical symbol for gold is Au.
what is the largest desert in the world,The largest desert in the world is the Antarctic Desert.
who invented the light bulb,The light bulb was invented by Thomas Edison.
how many states are in the United States,There are 50 states in the United States.
what is the smallest country in the world,The smallest country in the world is Vatican City.
who wrote '1984','1984' was written by George Orwell.
what is the hardest natural substance on Earth,The hardest natural substance on Earth is diamond.
what language is spoken in Brazil,The official language of Brazil is Portuguese.
what is the human body's largest organ,The largest organ in the human body is the skin.
who won the FIFA World Cup in 2018,France won the FIFA World Cup in 2018.
what is the chemical symbol for gold,The chemical symbol for gold is Au.
what is the largest desert in the world,The largest desert in the world is the Antarctic Desert.
who invented the light bulb,The light bulb was invented by Thomas Edison.
how many states are in the United States,There are 50 states in the United States.
what is the smallest country in the world,The smallest country in the world is Vatican City.
who wrote '1984','1984' was written by George Orwell.
what is the hardest natural substance on Earth,The hardest natural substance on Earth is diamond.
what language is spoken in Brazil,The official language of Brazil is Portuguese.
what is the human body's largest organ,The largest organ in the human body is the skin.
who won the FIFA World Cup in 2018,France won the FIFA World Cup in 2018.
what is the chemical symbol for gold,The chemical symbol for gold is Au.
what is the largest desert in the world,The largest desert in the world is the Antarctic Desert.
who invented the light bulb,The light bulb was invented by Thomas Edison.
how many states are in the United States,There are 50 states in the United States.
what is the smallest country in the world,The smallest country in the world is Vatican City.
who wrote '1984','1984' was written by George Orwell.
what is the hardest natural substance on Earth,The hardest natural substance on Earth is diamond.
what language is spoken in Brazil,The official language of Brazil is Portuguese.
what is the human body's largest organ,The largest organ in the human body is the skin.
who won the FIFA World Cup in 2018,France won the FIFA World Cup in 2018.
what is the chemical symbol for gold,The chemical symbol for gold is Au.
what is the largest desert in the world,The largest desert in the world is the Antarctic Desert.
who invented the light bulb,The light bulb was invented by Thomas Edison.
how many states are in the United States,There are 50 states in the United States.
what is the smallest country in the world,The smallest country in the world is Vatican City.
who wrote '1984','1984' was written by George Orwell.
what is the hardest natural substance on Earth,The hardest natural substance on Earth is diamond.
what language is spoken in Brazil,The official language of Brazil is Portuguese.
what is the human body's largest organ,The largest organ in the human body is the skin.
who won the FIFA World Cup in 2018,France won the FIFA World Cup in 2018.
what is the chemical symbol for gold,The chemical symbol for gold is Au.
what is the largest desert in the world,The largest desert in the world is the Antarctic Desert.
who invented the light bulb,The light bulb was invented by Thomas Edison.
how many states are in the United States,There are 50 states in the United States.
what is the smallest country in the world,The smallest country in the world is Vatican City.
who wrote '1984','1984' was written by George Orwell.
what is the hardest natural substance on Earth,The hardest natural substance on Earth is diamond.
what language is spoken in Brazil,The official language of Brazil is Portuguese.
what is the human body's largest organ,The largest organ in the human body is the skin.
who won the FIFA World Cup in 2018,France won the FIFA World Cup in 2018.
what is the chemical symbol for gold,The chemical symbol for gold is Au.
what is the largest desert in the world,The largest desert in the world is the Antarctic Desert.
who invented the light bulb,The light bulb was invented by Thomas Edison.
how many states are in the United States,There are 50 states in the United States.
what is the smallest country in the world,The smallest country in the world is Vatican City.
who wrote '1984','1984' was written by George Orwell.
what is the hardest natural substance on Earth,The hardest natural substance on Earth is diamond.
what language is spoken in Brazil,The official language of Brazil is Portuguese.
what is the human body's largest organ,The largest organ in the human body is the skin.
who won the FIFA World Cup in 2018,France won the FIFA World Cup in 2018.
what is the chemical symbol for gold,The chemical symbol for gold is Au.
what is the largest desert in the world,The largest desert in the world is the Antarctic Desert.
who invented the light bulb,The light bulb was invented by Thomas Edison.
how many states are in the United States,There are 50 states in the United States.
what is the smallest country in the world,The smallest country in the world is Vatican City.
who wrote '1984','1984' was written by George Orwell.
what is the hardest natural substance on Earth,The hardest natural substance on Earth is diamond.
what language is spoken in Brazil,The official language of Brazil is Portuguese.
what is the human body's largest organ,The largest organ in the human body is the skin.
who won the FIFA World Cup in 2018,France won the FIFA World Cup in 2018.
what is the chemical symbol for gold,The chemical symbol for gold is Au.
what is the largest desert in the world,The largest desert in the world is the Antarctic Desert.
who invented the light bulb,The light bulb was invented by Thomas Edison.
how many states are in the United States,There are 50 states in the United States.
what is the smallest country in the world,The smallest country in the world is Vatican City.
who wrote '1984','1984' was written by George Orwell.
what is the hardest natural substance on Earth,The hardest natural substance on Earth is diamond.
what language is spoken in Brazil,The official language of Brazil is Portuguese.
what is the human body's largest organ,The largest organ in the human body is the skin.
who won the FIFA World Cup in 2018,France won the FIFA World Cup in 2018.
what is the chemical symbol for gold,The chemical symbol for gold is Au.
what is the largest desert in the world,The largest desert in the world is the Antarctic Desert.
who invented the light bulb,The light bulb was invented by Thomas Edison.
how many states are in the United States,There are 50 states in the United States.
what is the smallest country in the world,The smallest country in the world is Vatican City.
who wrote '1984','1984' was written by George Orwell.
what is the hardest natural substance on Earth,The hardest natural substance on Earth is diamond.
what language is spoken in Brazil,The official language of Brazil is Portuguese.
what is the human body's largest organ,The largest organ in the human body is the skin.
who won the FIFA World Cup in 2018,France won the FIFA World Cup in 2018.
what is the chemical symbol for gold,The chemical symbol for gold is Au.
what is the largest desert in the world,The largest desert in the world is the Antarctic Desert.
who invented the light bulb,The light bulb was invented by Thomas Edison.
how many states are in the United States,There are 50 states in the United States.
what is the smallest country in the world,The smallest country in the world is Vatican City.
who wrote '1984','1984' was written by George Orwell.
what is the hardest natural substance on Earth,The hardest natural substance on Earth is diamond.
what language is spoken in Brazil,The official language of Brazil is Portuguese.
what is the human body's largest organ,The largest organ in the human body is the skin.
who won the FIFA World Cup in 2018,France won the FIFA World Cup in 2018.
what is the chemical symbol for gold,The chemical symbol for gold is Au.
what is the largest desert in the world,The largest desert in the world is the Antarctic Desert.
who invented the light bulb,The light bulb was invented by Thomas Edison.
how many states are in the United States,There are 50 states in the United States.
what is the smallest country in the world,The smallest country in the world is Vatican City.
who wrote '1984','1984' was written by George Orwell.
what is the hardest natural substance on Earth,The hardest natural substance on Earth is diamond.
what language is spoken in Brazil,The official language of Brazil is Portuguese.
what is the human body's largest organ,The largest organ in the human body is the skin.
who won the FIFA World Cup in 2018,France won the FIFA World Cup in 2018.
what is the chemical symbol for gold,The chemical symbol for gold is Au.
what is the largest desert in the world,The largest desert in the world is the Antarctic Desert.
who invented the light bulb,The light bulb was invented by Thomas Edison.
how many states are in the United States,There are 50 states in the United States.
what is the smallest country in the world,The smallest country in the world is Vatican City.
who wrote '1984','1984' was written by George Orwell.
what is the hardest natural substance on Earth,The hardest natural substance on Earth is diamond.
what language is spoken in Brazil,The official language of Brazil is Portuguese.
what is the human body's largest organ,The largest organ in the human body is the skin.
who won the FIFA World Cup in 2018,France won the FIFA World Cup in 2018.
what is the chemical symbol for gold,The chemical symbol for gold is Au.
what is the largest desert in the world,The largest desert in the world is the Antarctic Desert.
who invented the light bulb,The light bulb was invented by Thomas Edison.
how many states are in the United States,There are 50 states in the United States.
what is the smallest country in the world,The smallest country in the world is Vatican City.
who wrote '1984','1984' was written by George Orwell.
what is the hardest natural substance on Earth,The hardest natural substance on Earth is diamond.
what language is spoken in Brazil,The official language of Brazil is Portuguese.
what is the human body's largest organ,The largest organ in the human body is the skin.
who won the FIFA World Cup in 2018,France won the FIFA World Cup in 2018.
what is the chemical symbol for gold,The chemical symbol for gold is Au.
what is the largest desert in the world,The largest desert in the world is the Antarctic Desert.
who invented the light bulb,The light bulb was invented by Thomas Edison.
how many states are in the United States,There are 50 states in the United States.
what is the smallest country in the world,The smallest country in the world is Vatican City.
who wrote '1984','1984' was written by George Orwell.
what is the hardest natural substance on Earth,The hardest natural substance on Earth is diamond.
what language is spoken in Brazil,The official language of Brazil is Portuguese.
what is the human body's largest organ,The largest organ in the human body is the skin.
who won the FIFA World Cup in 2018,France won the FIFA World Cup in 2018.
what is the chemical symbol for gold,The chemical symbol for gold is Au.
what is the largest desert in the world,The largest desert in the world is the Antarctic Desert.
who invented the light bulb,The light bulb was invented by Thomas Edison.
how many states are in the United States,There are 50 states in the United States.
what is the smallest country in the world,The smallest country in the world is Vatican City.
who wrote '1984','1984' was written by George Orwell.
what is the hardest natural substance on Earth,The hardest natural substance on Earth is diamond.
what language is spoken in Brazil,The official language of Brazil is Portuguese.
what is the human body's largest organ,The largest organ in the human body is the skin.
who won the FIFA World Cup in 2018,France won the FIFA World Cup in 2018.
what is the chemical symbol for gold,The chemical symbol for gold is Au.
what is the largest desert in the world,The largest desert in the world is the Antarctic Desert.
who invented the light bulb,The light bulb was invented by Thomas Edison.
how many states are in the United States,There are 50 states in the United States.
what is the smallest country in the world,The smallest country in the world is Vatican City.
who wrote '1984','1984' was written by George Orwell.
what is the hardest natural substance on Earth,The hardest natural substance on Earth is diamond.
what language is spoken in Brazil,The official language of Brazil is Portuguese.
what is the human body's largest organ,The largest organ in the human body is the skin.
who won the FIFA World Cup in 2018,France won the FIFA World Cup in 2018.
what is the chemical symbol for gold,The chemical symbol for gold is Au.
what is the largest desert in the world,The largest desert in the world is the Antarctic Desert.
who invented the light bulb,The light bulb was invented by Thomas Edison.
how many states are in the United States,There are 50 states in the United States.
what is the smallest country in the world,The smallest country in the world is Vatican City.
who wrote '1984','1984' was written by George Orwell.
what is the hardest natural substance on Earth,The hardest natural substance on Earth is diamond.
what language is spoken in Brazil,The official language of Brazil is Portuguese.
what is the human body's largest organ,The largest organ in the human body is the skin.
who won the FIFA World Cup in 2018,France won the FIFA World Cup in 2018.
what is the chemical symbol for gold,The chemical symbol for gold is Au.
what is the largest desert in the world,The largest desert in the world is the Antarctic Desert.
who invented the light bulb,The light bulb was invented by Thomas Edison.
how many states are in the United States,There are 50 states in the United States.
what is the smallest country in the world,The smallest country in the world is Vatican City.
who wrote '1984','1984' was written by George Orwell.
what is the hardest natural substance on Earth,The hardest natural substance on Earth is diamond.
what language is spoken in Brazil,The official language of Brazil is Portuguese.
what is the human body's largest organ,The largest organ in the human body is the skin.
who won the FIFA World Cup in 2018,France won the FIFA World Cup in 2018.
what is the chemical symbol for gold,The chemical symbol for gold is Au.
what is the largest desert in the world,The largest desert in the world is the Antarctic Desert.
who invented the light bulb,The light bulb was invented by Thomas Edison.
how many states are in the United States,There are 50 states in the United States.
what is the smallest country in the world,The smallest country in the world is Vatican City.
who wrote '1984','1984' was written by George Orwell.
what is the hardest natural substance on Earth,The hardest natural substance on Earth is diamond.
what language is spoken in Brazil,The official language of Brazil is Portuguese.
what is the human body's largest organ,The largest organ in the human body is the skin.
who won the FIFA World Cup in 2018,France won the FIFA World Cup in 2018.
what is the chemical symbol for gold,The chemical symbol for gold is Au.
what is the largest desert in the world,The largest desert in the world is the Antarctic Desert.
who invented the light bulb,The light bulb was invented by Thomas Edison.
how many states are in the United States,There are 50 states in the United States.
what is the smallest country in the world,The smallest country in the world is Vatican City.
who wrote '1984','1984' was written by George Orwell.
what is the hardest natural substance on Earth,The hardest natural substance on Earth is diamond.
what language is spoken in Brazil,The official language of Brazil is Portuguese.
what is the human body's largest organ,The largest organ in the human body is the skin.
who won the FIFA World Cup in 2018,France won the FIFA World Cup in 2018.
what is the chemical symbol for gold,The chemical symbol for gold is Au.
what is the largest desert in the world,The largest desert in the world is the Antarctic Desert.
who invented the light bulb,The light bulb was invented by Thomas Edison.
how many states are in the United States,There are 50 states in the United States.
what is the smallest country in the world,The smallest country in the world is Vatican City.
who wrote '1984','1984' was written by George Orwell.
what is the hardest natural substance on Earth,The hardest natural substance on Earth is diamond.
what language is spoken in Brazil,The official language of Brazil is Portuguese.
what is the human body's largest organ,The largest organ in the human body is the skin.
who won the FIFA World Cup in 2018,France won the FIFA World Cup in 2018.
what is the chemical symbol for gold,The chemical symbol for gold is Au.
what is the largest desert in the world,The largest desert in the world is the Antarctic Desert.
who invented the light bulb,The light bulb was invented by Thomas Edison.
how many states are in the United States,There are 50 states in the United States.
what is the smallest country in the world,The smallest country in the world is Vatican City.
who wrote '1984','1984' was written by George Orwell.
what is the hardest natural substance on Earth,The hardest natural substance on Earth is diamond.
what language is spoken in Brazil,The official language of Brazil is Portuguese.
what is the human body's largest organ,The largest organ in the human body is the skin.
who won the FIFA World Cup in 2018,France won the FIFA World Cup in 2018.
what is the chemical symbol for gold,The chemical symbol for gold is Au.
what is the largest desert in the world,The largest desert in the world is the Antarctic Desert.
who invented the light bulb,The light bulb was invented by Thomas Edison.
how many states are in the United States,There are 50 states in the United States.
what is the smallest country in the world,The smallest country in the world is Vatican City.
who wrote '1984','1984' was written by George Orwell.
what is the hardest natural substance on Earth,The hardest natural substance on Earth is diamond.
what language is spoken in Brazil,The official language of Brazil is Portuguese.
what is the human body's largest organ,The largest organ in the human body is the skin.
who won the FIFA World Cup in 2018,France won the FIFA World Cup in 2018.
what is the chemical symbol for gold,The chemical symbol for gold is Au.
what is the largest desert in the world,The largest desert in the world is the Antarctic Desert.
who invented the light bulb,The light bulb was invented by Thomas Edison.
how many states are in the United States,There are 50 states in the United States.
what is the smallest country in the world,The smallest country in the world is Vatican City.
who wrote '1984','1984' was written by George Orwell.
what is the hardest natural substance on Earth,The hardest natural substance on Earth is diamond.
what language is spoken in Brazil,The official language of Brazil is Portuguese.
what is the human body's largest organ,The largest organ in the human body is the skin.
who won the FIFA World Cup in 2018,France won the FIFA World Cup in 2018.
what is the chemical symbol for gold,The chemical symbol for gold is Au.
what is the largest desert in the world,The largest desert in the world is the Antarctic Desert.
who invented the light bulb,The light bulb was invented by Thomas Edison.
how many states are in the United States,There are 50 states in the United States.
what is the smallest country in the world,The smallest country in the world is Vatican City.
who wrote '1984','1984' was written by George Orwell.
what is the hardest natural substance on Earth,The hardest natural substance on Earth is diamond.
what language is spoken in Brazil,The official language of Brazil is Portuguese.
what is the human body's largest organ,The largest organ in the human body is the skin.
who won the FIFA World Cup in 2018,France won the FIFA World Cup in 2018.
what is the chemical symbol for gold,The chemical symbol for gold is Au.
what is the largest desert in the world,The largest desert in the world is the Antarctic Desert.
who invented the light bulb,The light bulb was invented by Thomas Edison.
how many states are in the United States,There are 50 states in the United States.
what is the smallest country in the world,The smallest country in the world is Vatican City.
who wrote '1984','1984' was written by George Orwell.
what is the hardest natural substance on Earth,The hardest natural substance on Earth is diamond.
what language is spoken in Brazil,The official language of Brazil is Portuguese.
what is the human body's largest organ,The largest organ in the human body is the skin.
who won the FIFA World Cup in 2018,France won the FIFA World Cup in 2018.
what is the chemical symbol for gold,The chemical symbol for gold is Au.
what is the largest desert in the world,The largest desert in the world is the Antarctic Desert.
who invented the light bulb,The light bulb was invented by Thomas Edison.
how many states are in the United States,There are 50 states in the United States.
what is the smallest country in the world,The smallest country in the world is Vatican City.
who wrote '1984','1984' was written by George Orwell.
what is the hardest natural substance on Earth,The hardest natural substance on Earth is diamond.
what language is spoken in Brazil,The official language of Brazil is Portuguese.
what is the human body's largest organ,The largest organ in the human body is the skin.
who won the FIFA World Cup in 2018,France won the FIFA World Cup in 2018.
what is the chemical symbol for gold,The chemical symbol for gold is Au.
what is the largest desert in the world,The largest desert in the world is the Antarctic Desert.
who invented the light bulb,The light bulb was invented by Thomas Edison.
how many states are in the United States,There are 50 states in the United States.
what is the smallest country in the world,The smallest country in the world is Vatican City.
who wrote '1984','1984' was written by George Orwell.
what is the hardest natural substance on Earth,The hardest natural substance on Earth is diamond.
what language is spoken in Brazil,The official language of Brazil is Portuguese.
what is the human body's largest organ,The largest organ in the human body is the skin.
who won the FIFA World Cup in 2018,France won the FIFA World Cup in 2018.
what is the chemical symbol for gold,The chemical symbol for gold is Au.
what is the largest desert in the world,The largest desert in the world is the Antarctic Desert.
who invented the light bulb,The light bulb was invented by Thomas Edison.
how many states are in the United States,There are 50 states in the United States.
what is the smallest country in the world,The smallest country in the world is Vatican City.
who wrote '1984','1984' was written by George Orwell.
what is the hardest natural substance on Earth,The hardest natural substance on Earth is diamond.
what language is spoken in Brazil,The official language of Brazil is Portuguese.
what is the human body's largest organ,The largest organ in the human body is the skin.
who won the FIFA World Cup in 2018,France won the FIFA World Cup in 2018.
what is the chemical symbol for gold,The chemical symbol for gold is Au.
what is the largest desert in the world,The largest desert in the world is the Antarctic Desert.
who invented the light bulb,The light bulb was invented by Thomas Edison.
how many states are in the United States,There are 50 states in the United States.
what is the smallest country in the world,The smallest country in the world is Vatican City.
who wrote '1984','1984' was written by George Orwell.
what is the hardest natural substance on Earth,The hardest natural substance on Earth is diamond.
what language is spoken in Brazil,The official language of Brazil is Portuguese.
what is the human body's largest organ,The largest organ in the human body is the skin.
who won the FIFA World Cup in 2018,France won the FIFA World Cup in 2018.
what is the chemical symbol for gold,The chemical symbol for gold is Au.
what is the largest desert in the world,The largest desert in the world is the Antarctic Desert.
who invented the light bulb,The light bulb was invented by Thomas Edison.
how many states are in the United States,There are 50 states in the United States.
what is the smallest country in the world,The smallest country in the world is Vatican City.
who wrote '1984','1984' was written by George Orwell.
what is the hardest natural substance on Earth,The hardest natural substance on Earth is diamond.
what language is spoken in Brazil,The official language of Brazil is Portuguese.
what is the human body's largest organ,The largest organ in the human body is the skin.
who won the FIFA World Cup in 2018,France won the FIFA World Cup in 2018.
what is the chemical symbol for gold,The chemical symbol for gold is Au.
what is the largest desert in the world,The largest desert in the world is the Antarctic Desert.
who invented the light bulb,The light bulb was invented by Thomas Edison.
how many states are in the United States,There are 50 states in the United States.
what is the smallest country in the world,The smallest country in the world is Vatican City.
who wrote '1984','1984' was written by George Orwell.
what is the hardest natural substance on Earth,The hardest natural substance on Earth is diamond.
what language is spoken in Brazil,The official language of Brazil is Portuguese.
what is the human body's largest organ,The largest organ in the human body is the skin.
who won the FIFA World Cup in 2018,France won the FIFA World Cup in 2018.
what is the chemical symbol for gold,The chemical symbol for gold is Au.
what is the largest desert in the world,The largest desert in the world is the Antarctic Desert.
who invented the light bulb,The light bulb was invented by Thomas Edison.
how many states are in the United States,There are 50 states in the United States.
what is the smallest country in the world,The smallest country in the world is Vatican City.
who wrote '1984','1984' was written by George Orwell.
what is the hardest natural substance on Earth,The hardest natural substance on Earth is diamond.
what language is spoken in Brazil,The official language of Brazil is Portuguese.
what is the human body's largest organ,The largest organ in the human body is the skin.
who won the FIFA World Cup in 2018,France won the FIFA World Cup in 2018.
what is the chemical symbol for gold,The chemical symbol for gold is Au.
what is the largest desert in the world,The largest desert in the world is the Antarctic Desert.
who invented the light bulb,The light bulb was invented by Thomas Edison.
how many states are in the United States,There are 50 states in the United States.
what is the smallest country in the world,The smallest country in the world is Vatican City.
who wrote '1984','1984' was written by George Orwell.
what is the hardest natural substance on Earth,The hardest natural substance on Earth is diamond.
what language is spoken in Brazil,The official language of Brazil is Portuguese.
what is the human body's largest organ,The largest organ in the human body is the skin.
who won the FIFA World Cup in 2018,France won the FIFA World Cup in 2018.
what is the chemical symbol for gold,The chemical symbol for gold is Au.
what is the largest desert in the world,The largest desert in the world is the Antarctic Desert.
who invented the light bulb,The light bulb was invented by Thomas Edison.
how many states are in the United States,There are 50 states in the United States.
what is the smallest country in the world,The smallest country in the world is Vatican City.
who wrote '1984','1984' was written by George Orwell.
what is the hardest natural substance on Earth,The hardest natural substance on Earth is diamond.
what language is spoken in Brazil,The official language of Brazil is Portuguese.
what is the human body's largest organ,The largest organ in the human body is the skin.
who won the FIFA World Cup in 2018,France won the FIFA World Cup in 2018.
what is the chemical symbol for gold,The chemical symbol for gold is Au.
what is the largest desert in the world,The largest desert in the world is the Antarctic Desert.
who invented the light bulb,The light bulb was invented by Thomas Edison.
how many states are in the United States,There are 50 states in the United States.
what is the smallest country in the world,The smallest country in the world is Vatican City.
who wrote '1984','1984' was written by George Orwell.
what is the hardest natural substance on Earth,The hardest natural substance on Earth is diamond.
what language is spoken in Brazil,The official language of Brazil is Portuguese.
what is the human body's largest organ,The largest organ in the human body is the skin.
who won the FIFA World Cup in 2018,France won the FIFA World Cup in 2018.
what is the chemical symbol for gold,The chemical symbol for gold is Au.
what is the largest desert in the world,The largest desert in the world is the Antarctic Desert.
who invented the light bulb,The light bulb was invented by Thomas Edison.
how many states are in the United States,There are 50 states in the United States.
what is the smallest country in the world,The smallest country in the world is Vatican City.
who wrote '1984','1984' was written by George Orwell.
what is the hardest natural substance on Earth,The hardest natural substance on Earth is diamond.
what language is spoken in Brazil,The official language of Brazil is Portuguese.
what is the human body's largest organ,The largest organ in the human body is the skin.
who won the FIFA World Cup in 2018,France won the FIFA World Cup in 2018.
what is the chemical symbol for gold,The chemical symbol for gold is Au.
what is the largest desert in the world,The largest desert in the world is the Antarctic Desert.
who invented the light bulb,The light bulb was invented by Thomas Edison.
how many states are in the United States,There are 50 states in the United States.
what is the smallest country in the world,The smallest country in the world is Vatican City.
who wrote '1984','1984' was written by George Orwell.
what is the hardest natural substance on Earth,The hardest natural substance on Earth is diamond.
what language is spoken in Brazil,The official language of Brazil is Portuguese.
what is the human body's largest organ,The largest organ in the human body is the skin.
who won the FIFA World Cup in 2018,France won the FIFA World Cup in 2018.
what is the chemical symbol for gold,The chemical symbol for gold is Au.
what is the largest desert in the world,The largest desert in the world is the Antarctic Desert.
who invented the light bulb,The light bulb was invented by Thomas Edison.
how many states are in the United States,There are 50 states in the United States.
what is the smallest country in the world,The smallest country in the world is Vatican City.
who wrote '1984','1984' was written by George Orwell.
what is the hardest natural substance on Earth,The hardest natural substance on Earth is diamond.
what language is spoken in Brazil,The official language of Brazil is Portuguese.
what is the human body's largest organ,The largest organ in the human body is the skin.
who won the FIFA World Cup in 2018,France won the FIFA World Cup in 2018.
what is the chemical symbol for gold,The chemical symbol for gold is Au.
what is the largest desert in the world,The largest desert in the world is the Antarctic Desert.
who invented the light bulb,The light bulb was invented by Thomas Edison.
how many states are in the United States,There are 50 states in the United States.
what is the smallest country in the world,The smallest country in the world is Vatican City.
who wrote '1984','1984' was written by George Orwell.
what is the hardest natural substance on Earth,The hardest natural substance on Earth is diamond.
what language is spoken in Brazil,The official language of Brazil is Portuguese.
what is the human body's largest organ,The largest organ in the human body is the skin.
who won the FIFA World Cup in 2018,France won the FIFA World Cup in 2018.
what is the chemical symbol for gold,The chemical symbol for gold is Au.
what is the largest desert in the world,The largest desert in the world is the Antarctic Desert.
who invented the light bulb,The light bulb was invented by Thomas Edison.
how many states are in the United States,There are 50 states in the United States.
what is the smallest country in the world,The smallest country in the world is Vatican City.
who wrote '1984','1984' was written by George Orwell.
what is the hardest natural substance on Earth,The hardest natural substance on Earth is diamond.
what language is spoken in Brazil,The official language of Brazil is Portuguese.
what is the human body's largest organ,The largest organ in the human body is the skin.
who won the FIFA World Cup in 2018,France won the FIFA World Cup in 2018.
what is the chemical symbol for gold,The chemical symbol for gold is Au.
what is the largest desert in the world,The largest desert in the world is the Antarctic Desert.
who invented the light bulb,The light bulb was invented by Thomas Edison.
how many states are in the United States,There are 50 states in the United States.
what is the smallest country in the world,The smallest country in the world is Vatican City.
who wrote '1984','1984' was written by George Orwell.
what is the hardest natural substance on Earth,The hardest natural substance on Earth is diamond.
what language is spoken in Brazil,The official language of Brazil is Portuguese.
what is the human body's largest organ,The largest organ in the human body is the skin.
who won the FIFA World Cup in 2018,France won the FIFA World Cup in 2018.
what is the chemical symbol for gold,The chemical symbol for gold is Au.
what is the largest desert in the world,The largest desert in the world is the Antarctic Desert.
who invented the light bulb,The light bulb was invented by Thomas Edison.
how many states are in the United States,There are 50 states in the United States.
what is the smallest country in the world,The smallest country in the world is Vatican City.
who wrote '1984','1984' was written by George Orwell.
what is the hardest natural substance on Earth,The hardest natural substance on Earth is diamond.
what language is spoken in Brazil,The official language of Brazil is Portuguese.
what is the human body's largest organ,The largest organ in the human body is the skin.